id,name,email,address,created_at
a0ec0677-021a-48e8-b6bb-4539486df3b0,Nathaniel Meyer,uadkins@example.org,"28741 Butler Mount
Jenniferhaven, NE 77977",2025-03-30T16:35:34
65af91a8-6fcb-4d73-b312-d0af2677a8fa,Heidi King,andrew03@example.net,"257 Tim Shoal
North Jordanmouth, OR 48302",2025-04-11T01:09:26
2597f0df-1a33-4743-8071-58d339fcbbc9,Dustin Scott,lawrencerobinson@example.com,"315 Kramer Springs Apt. 959
Port Kevin, MD 78338",2025-01-12T09:24:50
d7f7c0ee-cfc6-4c42-b1a5-17b8b8cd8b24,Charles Randall,woodjacob@example.org,"81811 Taylor Alley
Jessicaborough, AK 12539",2025-02-20T18:05:58
43724c5a-d552-4c0d-b4b6-80b8f3323f6c,Virginia Zhang,emilywong@example.net,"591 Anderson Course
Port Mariastad, NV 76427",2025-03-27T21:47:22
8e7a0549-ceaf-4c2f-a6c9-09af00be2d67,Cassidy Reed,brentsmith@example.com,"Unit 7069 Box 6329
DPO AE 20755",2025-02-04T23:19:48
2d7117fd-c97d-4b13-8dc8-348c4d9fe5eb,Samuel Whitaker,pharrison@example.net,"711 Raymond Forks Suite 836
East Jason, WY 93497",2025-01-02T00:13:18
76c57229-202b-4868-922c-06d4ce64acba,Tamara Williams,xanderson@example.com,"USCGC Baldwin
FPO AE 28315",2025-05-09T16:09:11
1e855152-a9ee-45cf-aabb-3fd54125ba7a,Abigail Mcguire,mariakoch@example.net,"5801 Charles Haven
Hannahport, CA 12177",2025-01-22T02:19:24
cd1c46f1-b44c-40d2-b894-c21c4d490b13,James Edwards,carla76@example.net,"630 Michelle Grove
Lake Julia, PA 77773",2025-03-22T16:14:08
7851a0bb-636a-41af-9f40-36a738500141,Eric Novak,smithjessica@example.net,"4077 Jenna Mill
Nelsonton, AR 18735",2025-04-30T19:44:18
2b01dd13-7e59-47da-85b8-3fc25c0d0d61,Adam Phillips,cgonzalez@example.com,"12775 West Throughway Suite 223
North Lukeside, GA 74571",2025-04-23T11:30:51
6d254547-d572-4e9c-b84e-73f2f076f301,Melanie Johns MD,cheryl43@example.net,"3348 Lopez Flats
Ryanbury, HI 91794",2025-02-14T13:31:50
2c39bafc-c509-4001-93d7-10706824c99e,Ashley Butler,lreed@example.com,"755 Sanford Mission
Floresland, TX 83784",2025-03-12T12:10:12
18a0cce1-978c-4d89-ac0e-5b130433a372,Alexander Graham,brandonhansen@example.com,"70075 Roberson Knolls Suite 238
South Steven, WA 21407",2025-04-26T06:55:22
b1184d7f-e591-47bd-82aa-e088fa889719,Jeffery Allen,wrightmary@example.net,"799 Moore Circles Suite 705
East Gregoryberg, GU 12796",2025-01-18T10:06:56
0d246a3f-5157-4ae3-ae1b-98a81b1f649f,Joseph Dyer,sherylcole@example.com,"404 Edwards Plains
Drakefort, HI 55325",2025-02-10T16:54:14
d2cd4e6a-b85c-49c8-8386-aa534e198d72,Desiree Sellers,christianoconnor@example.net,"9274 Timothy Camp Suite 362
Maldonadoberg, GU 04360",2025-02-09T21:16:54
c48756db-8985-445a-9211-7e0559cb7421,Pamela Wallace,ostevens@example.net,"762 Walker Throughway Suite 971
East Kimberlyfurt, KS 72209",2025-04-17T08:26:14
7068b1fb-f1ed-425f-b7f8-6986366fcd74,Ryan Murillo DDS,cwiggins@example.com,"010 Lisa Lake Suite 601
East Erinmouth, VI 18839",2025-03-26T08:10:20
d667efc6-f9e9-4f6e-8ced-f1c291c1be86,Dominique Gonzales,patricialevine@example.net,"Unit 6705 Box 0761
DPO AP 05029",2025-03-30T08:45:28
ce90eba4-a261-447b-980c-c7c4c0b6f7e7,Christopher Petersen,yhill@example.org,"16711 Bruce Spring Apt. 813
North Megan, GA 64986",2025-04-22T18:45:47
03f5b9bc-ee06-4f08-8999-f1dd3863a793,Rita Riley,rubenbrown@example.net,"064 Campbell Brooks
Port Glenn, NH 46148",2025-04-07T21:25:09
ddc997e0-a6ec-4852-8ff3-a2a2cad3767b,Latasha Johnson,cgomez@example.org,"7710 Lopez Lodge Apt. 106
Andrewstad, VI 60140",2025-01-16T05:10:53
d3a4a95d-0612-4d01-85fd-0f738a14a650,James White,barkerbrian@example.org,"0057 Savannah Groves
East Christopherborough, PR 47609",2025-03-10T04:26:12
6256f280-6a65-4f9a-a6f4-d85acc579f02,Dawn Mosley,gomezjessica@example.net,"089 Brandy Groves Apt. 702
North Carol, FM 49407",2025-04-06T17:57:05
2bc0cd22-e850-4b6a-9b23-d2d4afbd4ef4,Andrew Griffith,jasonmcclure@example.net,"29299 Armstrong Pine Suite 812
Jacobsburgh, IA 49985",2025-04-20T07:55:56
d5f63ec1-6598-4d8e-9207-ff49325dd1a1,Meghan Dean,mariahsilva@example.net,"930 Robert Cliffs
South John, MT 42751",2025-02-06T08:45:35
443070e1-091d-4995-8ad2-36ea99d7c16d,Heather Matthews,ybailey@example.net,"47517 Wayne Plain Suite 401
Alisonmouth, MO 87046",2025-05-14T06:34:18
0137853e-e8d1-453f-8255-2ce60e4d7341,Christina Baxter,adriana14@example.com,"612 Justin Harbors Apt. 822
Pottsshire, MA 11425",2025-01-01T07:30:57
2c86b36f-7a04-4737-87e5-c823086d5bb5,Allison Daugherty,bgordon@example.net,"572 William Bypass
West Sandratown, WA 78517",2025-03-13T08:00:20
9779a0a3-a3c8-4d21-9193-db9b35959588,Gregory Reynolds,moyeredgar@example.org,"27229 Welch Freeway
Port Angela, CA 53061",2025-02-01T08:51:04
94e75be0-d30f-433d-8588-46de943570da,Alex Rivera,gamblerebecca@example.net,"1475 Little Expressway Apt. 725
Michellemouth, CA 30821",2025-02-24T06:06:39
0993ce33-413d-451a-a46a-a64c7b1980c5,Kevin Maldonado,omartin@example.net,"0733 Richard Points
West Daisy, MS 60411",2025-03-19T19:24:29
f231e833-fd10-4923-8107-e3f43a31b6a3,Eric Patterson,jose84@example.net,"6839 Davidson Stream
New Samanthafurt, DE 52364",2025-01-28T12:37:12
31c5b306-ca72-41c5-b0ff-dfc75bd470e7,Mandy Fernandez,brittany86@example.com,"941 Love Square Apt. 523
Matthewburgh, KS 38279",2025-01-06T01:04:37
33c02fed-e91a-48f6-a3e0-b0f5d24e33e9,Jane Ho,jesse07@example.net,"33886 Dalton Valley Apt. 529
Longville, GA 32700",2025-03-19T22:49:29
dadaf3ac-64b2-4f92-a712-44a0264a7f5f,Alan Taylor,kdawson@example.com,"3107 Lopez Gardens
Johnsonberg, NJ 71079",2025-04-18T22:51:33
1ada8481-5371-45b3-b67a-b8032182432e,David Richardson,hicksheidi@example.net,"5948 Crystal Lodge
Debbieburgh, MD 03795",2025-02-18T11:23:59
9c74618b-0f9b-4472-9b1c-34fd58678f78,Tiffany Perez,rachelshelton@example.net,"1964 Randall Stream Apt. 721
Nicholsonstad, VA 07371",2025-05-14T23:56:21
bc2e0aa4-56ce-496e-8dcc-b9a0c451715a,Chad Smith,mcdonaldelizabeth@example.net,"1634 Harvey Drive Suite 139
Carlachester, AZ 91595",2025-01-30T20:10:35
290bf5ff-9d36-4379-83fe-a30cf9a2965a,Brett Guzman,epennington@example.net,"226 Terri Trafficway
Port Heidichester, WA 27011",2025-01-26T22:19:54
8386ed54-67ca-4a9f-9b63-881565cdd079,Kimberly Marsh,martinjeffrey@example.com,"49330 Calhoun Mount
East Richardchester, NE 41890",2025-04-27T03:55:49
6d147ce6-6f4b-4b9a-ab35-af06951961f7,Raymond Branch,kevin08@example.net,"USCGC Koch
FPO AA 85429",2025-03-28T04:22:31
3512b27c-003a-4a81-af9a-750afc793eb0,Mario Hill,brownjeffrey@example.com,"388 Angela Island
New Justin, PR 69227",2025-02-01T05:49:10
a5963966-829c-439f-904a-408c4a4bb6a9,Jacob Herrera,dgomez@example.com,"7159 Kyle Ford
Tanyaburgh, OR 03188",2025-04-09T12:13:05
f623de34-15f3-4b4d-b082-21da64caa060,Adam Bradford,nsawyer@example.com,"187 Adam Freeway
South Gregoryview, NJ 86205",2025-04-04T07:06:03
59b5b36d-1aa1-41ab-aca8-a5dfcce75410,Mrs. Brittany Jacobs MD,wilsonlauren@example.net,"3813 Rachel Cape Suite 219
Ginamouth, UT 59820",2025-03-12T09:43:31
92e26a38-a33c-4f82-9262-2d892cae08db,Lisa Garcia,briananderson@example.com,"05460 Willis Valley
Brianview, AR 75250",2025-02-21T10:19:33
5a84804b-93f1-45b8-8985-843d0ddb3dea,Elizabeth Cox,stacey86@example.net,"USNS Roberts
FPO AA 16539",2025-04-26T19:53:12
fa823b2c-649d-492a-96e3-aede77a584c5,Holly Figueroa,cody42@example.com,"5849 Anthony Burg Apt. 381
Jarvisstad, SC 52141",2025-01-07T14:51:28
5648b7b3-da3e-41f6-9007-0171470ebe1f,Michelle Maldonado,laurenbarry@example.com,"Unit 1267 Box 1565
DPO AA 45485",2025-01-10T09:16:17
094395ad-a985-4995-9236-3278bd567702,David Flores,nunezstuart@example.com,"69395 Timothy Bridge
Gonzalezberg, NC 23802",2025-04-08T07:19:37
f714da24-d4be-42df-a492-5823af200ae8,Gary Obrien,alexaroy@example.org,"537 Stephanie Port Apt. 467
South Juliebury, NE 71340",2025-05-02T10:46:41
402fab55-01ad-43c8-879c-28ab13417c95,Rebecca Kelly,patriciaking@example.com,"PSC 5392, Box 0803
APO AP 51771",2025-02-23T09:37:07
cd919e6e-b936-4d8c-b0ad-e27419856274,Brent Griffith,hnguyen@example.com,"98812 Patrick Centers Suite 443
South Patriciahaven, PR 46308",2025-03-17T06:02:58
15d56315-54f3-4df7-a87d-7aaf5e15712d,Kathryn Archer,mcneilpenny@example.org,"038 Kristen Burg
North Victor, MS 40558",2025-04-05T12:34:47
2b1e3b9e-bb2b-489f-be58-6339b00c46d1,Nicholas Buck,nhull@example.org,"Unit 1177 Box 3847
DPO AP 70910",2025-02-04T22:56:18
d32ba9c2-1d2d-438c-afa8-e991a1bbccbe,Michael Brown,saundersrichard@example.org,"4067 Lewis Forges
Henrychester, MS 20303",2025-03-10T17:52:45
308859bb-13b2-44ea-b4e5-b8c5eb840bfe,Melissa Hawkins,bodonnell@example.net,"5001 Mallory View Apt. 905
Charlesville, VT 43341",2025-02-17T09:05:02
5d092a72-adc3-4f59-8ff4-534197823c88,Sarah Crawford,smithjack@example.com,"70379 Vargas Corner
West Shane, ME 48129",2025-01-07T11:23:30
d09dfec9-473d-4a88-84d8-bd5227558347,Scott Santiago,robertmason@example.org,"2684 Shirley Estate
East Aaron, ME 56026",2025-02-20T10:11:12
7b190895-4b62-47e1-8e66-5ed63197ea4f,Patricia Leon,gjones@example.com,"37511 April Tunnel Apt. 195
East Kimberly, NV 69414",2025-03-31T11:11:55
54e6c8db-5d69-439e-b1b3-ce78c5ee4486,Amy Ramos,robert28@example.net,"83795 Wilson Parks Apt. 581
Jermainefort, NE 98122",2025-01-27T02:53:07
1892f81f-92aa-434e-b6f7-1a5ce9c9cf9d,Victoria Townsend,otorres@example.com,"USNS Thompson
FPO AE 69587",2025-02-06T13:23:12
2492fad9-82ec-428a-9606-68bacfcab14d,Cassie Acevedo,teresa48@example.org,"81732 David Keys Apt. 755
East Tonyhaven, IL 44992",2025-03-24T05:03:19
21eb76bb-b90e-4c8e-aa73-40e34e9d92af,Darrell Robinson,browncatherine@example.com,"675 Johnson Spring
Sarahchester, MT 13114",2025-03-18T12:56:52
3c7c2521-203a-43c2-a37d-6b7a0d89665e,Sara Fisher,janetthomas@example.net,"531 Cassandra Heights Apt. 572
South Nancyview, KS 68454",2025-03-15T03:19:28
867e0a3b-0e4b-49b7-932b-a5008dc6cff8,Amy Fuller,thompsonkimberly@example.org,"446 Williams Springs Apt. 700
New Ricardo, MD 72978",2025-03-17T18:04:59
3294f11a-98f1-4d2a-9f39-a98319215093,Gabriela Mason,zcarter@example.org,"05240 Hoover Cliffs Apt. 366
North Lauratown, DC 05400",2025-05-14T12:37:41
a08fb86e-7594-481f-9f01-d874e0e1b4c3,Emily Smith,sbentley@example.net,"931 Jensen Island Suite 739
Lake Kenneth, AL 41268",2025-02-26T11:11:13
7b595513-89cc-4fec-836c-24220a332570,Catherine Taylor,ismith@example.net,"7263 Gardner Drives Apt. 120
Websterburgh, MO 17285",2025-02-26T21:51:21
3069a9e7-8c67-4ed2-bef4-45bf8a00d8aa,Margaret Gibson,torresdonald@example.net,"PSC 2873, Box 8652
APO AA 62186",2025-02-28T11:35:00
eae9be25-26ec-413c-8d6d-99fdf78ee0bf,Cynthia Curry,jlambert@example.net,"395 Kelly Mews
Mariofort, GU 72986",2025-03-10T10:48:33
d6e72f6f-8ad7-4322-8b26-786650f2f2ce,Howard Wood,jamesschroeder@example.org,"341 Carpenter Prairie
West Angela, TX 29413",2025-01-17T21:17:35
ed408bd9-92d9-4459-9e23-a2524406c12d,Pamela Nichols,robinsonelizabeth@example.com,"39381 Jeffrey Cliff
West Kara, IA 63409",2025-02-26T07:34:56
d79365b7-6ec9-4a8e-a0bd-2a9f2c8ec0a6,Thomas Swanson,dwashington@example.com,"Unit 2792 Box 2209
DPO AA 57483",2025-04-06T03:10:58
a187125d-ba4a-489a-8cbf-4594a786b7e8,Tara Ross,johnsonerin@example.com,"USCGC Chen
FPO AP 22906",2025-01-25T17:04:27
6de74c90-b84d-4aaf-9d84-b6c092cf0839,Chloe Mclaughlin,popemelissa@example.net,"545 James Roads Suite 199
Johnville, LA 18504",2025-05-15T16:25:15
561e7d47-0dd8-445e-90fb-68ecf84ee951,Ryan Russell,garciaryan@example.com,"636 Graham Lodge
East Davidbury, RI 98643",2025-02-12T04:21:53
2a2ee1b1-6351-4f2e-bccb-7cec5beab78d,Samantha Beard,beth06@example.com,"3546 Ross Spurs Apt. 906
Smithstad, PA 56159",2025-04-30T14:05:41
33f2adb6-bbf8-4580-9f4c-8f2c7453cad8,Zachary Lucas,bishopkenneth@example.net,"94619 Anthony Rapids
Port Walterhaven, GU 13547",2025-02-17T06:38:00
4c385a16-0c53-47bc-98c9-54c3b180e3fb,Sherri Mendoza,david73@example.com,"0995 Morgan Rue
Baxterview, PR 87080",2025-02-08T00:28:59
93782227-f9d1-4cbf-a7a8-8702f64e73c1,William Goodwin,nicole72@example.com,"6505 Jeremy Highway Apt. 991
Anthonystad, UT 06324",2025-01-02T01:40:08
97cc9284-07a9-472d-a9ee-a129e3a92860,Charles Reed,hsanchez@example.com,"44021 Amy Bypass
Port Elizabeth, WI 34332",2025-03-13T17:12:09
36aee25d-dfe5-4d3d-b4f4-3c6fc3f04214,Rachel Hale,jeffery54@example.org,"7938 Sheryl Overpass
New Kyleburgh, WA 25387",2025-05-08T08:54:52
9343c2ca-f289-4f4a-ae0b-c8db70955b54,Brianna Cruz,halljoseph@example.org,"Unit 2657 Box 3523
DPO AA 65857",2025-01-14T17:43:55
f4e435bd-3955-4d39-ba44-886a13ff270e,Alexander Chavez,lmoreno@example.com,"2064 Monica Mills Apt. 845
Morrisfort, MS 64849",2025-01-25T14:51:42
ed1141d0-f279-4688-b575-bf503d6bb5f3,Ryan Williams,cruzkyle@example.org,"617 Morgan Harbors
Sellersland, ID 89432",2025-03-14T11:13:02
e01b5605-4c69-474c-9868-da590b410ad6,Lindsey Davis,bowersmichelle@example.net,"76477 David Square
Andrewberg, ID 28460",2025-03-31T09:10:36
31687aca-9dab-4a64-b655-8c4e71cf63ef,Kristin Contreras,ashleehines@example.com,"99977 Avila Mission Apt. 966
Michaelshire, KS 58295",2025-05-02T14:49:36
fa729281-8211-4870-8505-ef59b1adf349,Jessica Smith,avincent@example.org,"PSC 6263, Box 0695
APO AP 64727",2025-03-04T04:38:05
1060386a-81a5-45ee-806c-6e551f1d6468,Jordan Chan,william92@example.net,"28221 Perkins Pass
Matthewberg, PA 82112",2025-04-19T10:29:04
fa1b83c9-f652-4259-b4c9-7f0754f0e729,Jamie Rhodes,michelle64@example.net,"0188 Tina Island
Bruceberg, PA 75291",2025-04-15T13:36:58
b8561411-6760-4ddd-846d-2eb1dceefe2e,Sherri Bell,cdiaz@example.com,"2974 Alexis Forge
Waltermouth, AK 19293",2025-01-02T00:28:54
74a80b1f-27b3-4d11-96ec-29f237d4fac8,Roberto Fleming,johnsonsamantha@example.net,"4539 Mary Parkways
North Kerry, SD 69913",2025-05-03T08:49:01
e287edf7-b728-4784-8cfe-9490740f1cf9,Christine Burke,gwatson@example.net,"22752 Hill Parkways
Shellychester, NY 74635",2025-03-29T15:52:40
1888681d-6c1c-4a95-ab86-3dd863d1e86e,Madeline Reynolds,william70@example.net,"479 Wade Radial Suite 361
Chloeview, NJ 07250",2025-01-05T15:33:09
bfdcbc3a-ba29-43f7-91ef-57058ccd4e09,Katherine Kaiser,christine26@example.net,"9792 Leonard Expressway Apt. 325
Port April, NC 81608",2025-04-11T03:05:56
4bca1383-d7aa-4125-817c-6546c1036f05,Mr. Richard Mclaughlin,noahmorgan@example.org,"Unit 9676 Box 5146
DPO AA 63497",2025-03-17T06:36:32
